-- MySQL dump 10.13  Distrib 5.7.17, for Win64 (x86_64)
--
-- Host: 127.0.0.1    Database: room_reservation_system
-- ------------------------------------------------------
-- Server version	5.5.5-10.1.16-MariaDB

/*!40101 SET @OLD_CHARACTER_SET_CLIENT=@@CHARACTER_SET_CLIENT */;
/*!40101 SET @OLD_CHARACTER_SET_RESULTS=@@CHARACTER_SET_RESULTS */;
/*!40101 SET @OLD_COLLATION_CONNECTION=@@COLLATION_CONNECTION */;
/*!40101 SET NAMES utf8 */;
/*!40103 SET @OLD_TIME_ZONE=@@TIME_ZONE */;
/*!40103 SET TIME_ZONE='+00:00' */;
/*!40014 SET @OLD_UNIQUE_CHECKS=@@UNIQUE_CHECKS, UNIQUE_CHECKS=0 */;
/*!40014 SET @OLD_FOREIGN_KEY_CHECKS=@@FOREIGN_KEY_CHECKS, FOREIGN_KEY_CHECKS=0 */;
/*!40101 SET @OLD_SQL_MODE=@@SQL_MODE, SQL_MODE='NO_AUTO_VALUE_ON_ZERO' */;
/*!40111 SET @OLD_SQL_NOTES=@@SQL_NOTES, SQL_NOTES=0 */;

--
-- Table structure for table `reservations`
--

DROP TABLE IF EXISTS `reservations`;
/*!40101 SET @saved_cs_client     = @@character_set_client */;
/*!40101 SET character_set_client = utf8 */;
CREATE TABLE `reservations` (
  `res_no` int(11) NOT NULL AUTO_INCREMENT,
  `mee_no` int(10) unsigned NOT NULL,
  `use_no` int(10) unsigned NOT NULL,
  `date` date NOT NULL,
  `hour` time NOT NULL,
  `descript` text,
  PRIMARY KEY (`res_no`),
  KEY `fk_reservations_user_idx` (`use_no`),
  KEY `fk_reservations_meeting_rooms1_idx` (`mee_no`),
  CONSTRAINT `fk_reservations_meeting_rooms1` FOREIGN KEY (`mee_no`) REFERENCES `meeting_rooms` (`mee_no`) ON DELETE NO ACTION ON UPDATE NO ACTION,
  CONSTRAINT `fk_reservations_user` FOREIGN KEY (`use_no`) REFERENCES `user` (`use_no`) ON DELETE NO ACTION ON UPDATE NO ACTION
) ENGINE=InnoDB AUTO_INCREMENT=38 DEFAULT CHARSET=utf8;
/*!40101 SET character_set_client = @saved_cs_client */;

--
-- Dumping data for table `reservations`
--

LOCK TABLES `reservations` WRITE;
/*!40000 ALTER TABLE `reservations` DISABLE KEYS */;
INSERT INTO `reservations` VALUES (1,4,32,'2017-04-16','09:30:00','teste'),(3,2,32,'2017-04-27','14:20:00',''),(7,1,30,'2017-04-18','21:59:00','fjhfhgj'),(18,1,32,'2017-04-01','03:34:00',''),(19,1,32,'2017-04-01','03:34:00',''),(25,1,32,'2017-04-16','09:30:00',''),(30,3,32,'2017-04-16','09:30:00',''),(33,3,32,'2017-04-29','04:57:00',''),(35,3,32,'2017-04-16','10:31:00',''),(36,1,32,'2017-04-14','23:33:00',''),(37,1,30,'2017-04-14','22:20:00','');
/*!40000 ALTER TABLE `reservations` ENABLE KEYS */;
UNLOCK TABLES;
/*!40103 SET TIME_ZONE=@OLD_TIME_ZONE */;

--
-- Table structure for table `user`
--

DROP TABLE IF EXISTS `user`;
/*!40101 SET @saved_cs_client     = @@character_set_client */;
/*!40101 SET character_set_client = utf8 */;
CREATE TABLE `user` (
  `use_no` int(11) unsigned NOT NULL AUTO_INCREMENT,
  `full_name` varchar(60) NOT NULL,
  `email` varchar(45) NOT NULL,
  `password` varchar(45) DEFAULT NULL,
  `hash` varchar(32) DEFAULT NULL,
  `status` tinyint(3) unsigned NOT NULL DEFAULT '1',
  `admin` tinyint(4) DEFAULT '0',
  PRIMARY KEY (`use_no`),
  UNIQUE KEY `hash_UNIQUE` (`hash`)
) ENGINE=InnoDB AUTO_INCREMENT=33 DEFAULT CHARSET=utf8;
/*!40101 SET character_set_client = @saved_cs_client */;

--
-- Dumping data for table `user`
--

LOCK TABLES `user` WRITE;
/*!40000 ALTER TABLE `user` DISABLE KEYS */;
INSERT INTO `user` VALUES (30,'Admin','admin@ditech.local',NULL,'5F0BCB3A8F4A5B4381A25ACB90168D74',1,1),(32,'carlos','carlos@ditech.local',NULL,'038B1231A54871688F8FCF5FD43EE318',1,0);
/*!40000 ALTER TABLE `user` ENABLE KEYS */;
UNLOCK TABLES;
/*!40103 SET TIME_ZONE=@OLD_TIME_ZONE */;

--
-- Table structure for table `meeting_rooms`
--

DROP TABLE IF EXISTS `meeting_rooms`;
/*!40101 SET @saved_cs_client     = @@character_set_client */;
/*!40101 SET character_set_client = utf8 */;
CREATE TABLE `meeting_rooms` (
  `mee_no` int(11) unsigned NOT NULL AUTO_INCREMENT,
  `room_name` varchar(45) NOT NULL,
  `status` tinyint(4) NOT NULL DEFAULT '1',
  PRIMARY KEY (`mee_no`)
) ENGINE=InnoDB AUTO_INCREMENT=5 DEFAULT CHARSET=utf8;
/*!40101 SET character_set_client = @saved_cs_client */;

--
-- Dumping data for table `meeting_rooms`
--

LOCK TABLES `meeting_rooms` WRITE;
/*!40000 ALTER TABLE `meeting_rooms` DISABLE KEYS */;
INSERT INTO `meeting_rooms` VALUES (1,'Sala de reuniões 1',0),(2,'Sala de reuniões 2',1),(3,'Auditorio',1),(4,'Sala do terror 2',1);
/*!40000 ALTER TABLE `meeting_rooms` ENABLE KEYS */;
UNLOCK TABLES;
/*!40103 SET TIME_ZONE=@OLD_TIME_ZONE */;

/*!40101 SET SQL_MODE=@OLD_SQL_MODE */;
/*!40014 SET FOREIGN_KEY_CHECKS=@OLD_FOREIGN_KEY_CHECKS */;
/*!40014 SET UNIQUE_CHECKS=@OLD_UNIQUE_CHECKS */;
/*!40101 SET CHARACTER_SET_CLIENT=@OLD_CHARACTER_SET_CLIENT */;
/*!40101 SET CHARACTER_SET_RESULTS=@OLD_CHARACTER_SET_RESULTS */;
/*!40101 SET COLLATION_CONNECTION=@OLD_COLLATION_CONNECTION */;
/*!40111 SET SQL_NOTES=@OLD_SQL_NOTES */;

-- Dump completed on 2017-04-14 19:41:27
